types,sub_pos,Group,exp,porr,sum_force
PP,0.0030634261,1,1,pitch,0.31614026
PP,0.0021490848,1,2,pitch,0.16450785
PP,0.00486889,1,3,pitch,1.1377268
PP,0.0023603518,1,4,pitch,0.15394926
PP,0.006924326,1,5,pitch,1.2043476
PP,0.0026202062,1,6,pitch,0.7006029
PP,0.0027443126,1,7,pitch,0.7738087
PP,0.0035385727,1,8,pitch,0.97726667
PP,0.0029597091,1,9,pitch,0.8967237
PP,0.0024312367,1,10,pitch,0.7916883
PP,0.0024904732,1,11,pitch,0.69603765
PP,0.002710538,1,12,pitch,0.8033633
PP,0.0017642662,1,13,pitch,0.30822226
PP,0.0028990295,1,14,pitch,0.97927415
PP,0.0038202654,1,15,pitch,0.60790867
PP,0.0022267425,1,16,pitch,0.39397633
PP,0.0041451203,1,17,pitch,0.997441
PP,0.0018817384,1,18,pitch,0.3591334
PP,0.0028017403,1,19,pitch,0.8309264
PP,0.0027891258,1,20,pitch,0.9478251
Ad(PD),0.0044259895,1,1,pitch,0.67413884
Ad(PD),0.0045288764,1,2,pitch,0.5040614
Ad(PD),0.0069623715,1,3,pitch,1.1874356
Ad(PD),0.013933028,1,4,pitch,1.4883746
Ad(PD),0.029622206,1,5,pitch,1.0204117
Ad(PD),0.006817392,1,6,pitch,1.0553694
Ad(PD),0.0065148766,1,7,pitch,1.113467
Ad(PD),0.0080892155,1,8,pitch,1.3261071
Ad(PD),0.041227344,1,9,pitch,1.2425853
Ad(PD),0.01071109,1,10,pitch,1.4296666
Ad(PD),0.0052573476,1,11,pitch,0.65895414
Ad(PD),0.0091327,1,12,pitch,1.1776365
Ad(PD),0.004807037,1,13,pitch,0.4820873
Ad(PD),0.006393841,1,14,pitch,0.77441454
Ad(PD),0.0069572614,1,15,pitch,0.7004513
Ad(PD),0.007674216,1,16,pitch,1.11052
Ad(PD),0.019130656,1,17,pitch,1.2908944
Ad(PD),0.0042378996,1,18,pitch,0.610599
Ad(PD),0.027809951,1,19,pitch,1.3716643
Ad(PD),0.006506788,1,20,pitch,0.8807359
Ad(Ac),0.0149369305,1,1,pitch,0.6241433
Ad(Ac),0.011776791,1,2,pitch,0.42819244
Ad(Ac),0.013264278,1,3,pitch,0.9397616
Ad(Ac),0.008964153,1,4,pitch,0.5081891
Ad(Ac),0.0125767905,1,5,pitch,0.7808604
Ad(Ac),0.017427316,1,6,pitch,0.4827929
Ad(Ac),0.0073084547,1,7,pitch,0.5065468
Ad(Ac),0.018228238,1,8,pitch,0.96376044
Ad(Ac),0.012996215,1,9,pitch,0.9095073
Ad(Ac),0.012684917,1,10,pitch,0.7739065
Ad(Ac),0.013619329,1,11,pitch,0.5864211
Ad(Ac),0.0123433815,1,12,pitch,0.7724842
Ad(Ac),0.006119241,1,13,pitch,0.20898476
Ad(Ac),0.009463705,1,14,pitch,0.8097086
Ad(Ac),0.0077271885,1,15,pitch,0.6090401
Ad(Ac),0.012122872,1,16,pitch,0.36025363
Ad(Ac),0.013138802,1,17,pitch,0.7662553
Ad(Ac),0.009018023,1,18,pitch,0.3810823
Ad(Ac),0.011651037,1,19,pitch,0.6706423
Ad(Ac),0.009740134,1,20,pitch,0.67097384
Bi,0.0041539567,1,1,pitch,0.15992838
Bi,0.0040695188,1,2,pitch,0.09424206
Bi,0.0042192186,1,3,pitch,0.21770902
Bi,0.0038772298,1,4,pitch,0.10313516
Bi,0.0057931202,1,5,pitch,0.3188841
Bi,0.0048473533,1,6,pitch,0.23043388
Bi,0.0048542074,1,7,pitch,0.14423472
Bi,0.0028893305,1,8,pitch,0.3325932
Bi,0.007300493,1,9,pitch,0.34311956
Bi,0.0056621665,1,10,pitch,0.23324601
Bi,0.0046500512,1,11,pitch,0.21097326
Bi,0.0062821056,1,12,pitch,0.27578998
Bi,0.0038286305,1,13,pitch,0.05211655
Bi,0.0049987123,1,14,pitch,0.3193574
Bi,0.0034428572,1,15,pitch,0.21545036
Bi,0.0039823623,1,16,pitch,0.12688847
Bi,0.0045214538,1,17,pitch,0.29731816
Bi,0.0041287644,1,18,pitch,0.15499865
Bi,0.0040405737,1,19,pitch,0.22285542
Bi,0.006651508,1,20,pitch,0.32384
PP,0.0036421851,2,1,pitch,0.24465589
PP,0.0018850663,2,2,pitch,0.26134434
PP,0.008371866,2,3,pitch,0.55420244
PP,0.007984026,2,4,pitch,1.1008782
PP,0.017671809,2,5,pitch,0.26515886
PP,0.013997491,2,6,pitch,1.793532
PP,0.009149169,2,7,pitch,1.5344605
PP,0.008359882,2,8,pitch,0.80805886
PP,0.012071379,2,9,pitch,1.395207
PP,0.01836576,2,10,pitch,1.3421589
PP,0.0038410912,2,11,pitch,0.9057433
PP,0.005790389,2,12,pitch,0.7147142
PP,0.006988591,2,13,pitch,0.33335176
PP,0.0023424283,2,14,pitch,0.48430067
PP,0.008194764,2,15,pitch,1.006894
PP,0.0036064817,2,16,pitch,0.6205407
PP,0.005068703,2,17,pitch,0.6555006
PP,0.0055628275,2,18,pitch,0.520678
PP,0.006663978,2,19,pitch,0.94165
PP,0.004122418,2,20,pitch,0.56499165
Ad(PD),0.0037446425,2,1,pitch,0.3247098
Ad(PD),0.0020262185,2,2,pitch,0.23162729
Ad(PD),0.0053140554,2,3,pitch,0.3533732
Ad(PD),0.018054364,2,4,pitch,1.0941079
Ad(PD),0.0072737993,2,5,pitch,0.579288
Ad(PD),0.01740892,2,6,pitch,1.2745843
Ad(PD),0.010938213,2,7,pitch,0.7889498
Ad(PD),0.013233078,2,8,pitch,1.2400663
Ad(PD),0.008490651,2,9,pitch,0.8378129
Ad(PD),0.019605517,2,10,pitch,0.87401825
Ad(PD),0.020062322,2,11,pitch,0.7466626
Ad(PD),0.004220581,2,12,pitch,0.529436
Ad(PD),0.004499166,2,13,pitch,0.34379584
Ad(PD),0.007437668,2,14,pitch,0.7847741
Ad(PD),0.0133031765,2,15,pitch,0.74902034
Ad(PD),0.005881408,2,16,pitch,0.5142174
Ad(PD),0.0052190605,2,17,pitch,0.64166844
Ad(PD),0.006432039,2,18,pitch,0.43831208
Ad(PD),0.0077630403,2,19,pitch,0.76694304
Ad(PD),0.004223738,2,20,pitch,0.32685584
Ad(Ac),0.010119208,2,1,pitch,0.14474007
Ad(Ac),0.012536983,2,2,pitch,0.21552555
Ad(Ac),0.015823837,2,3,pitch,0.31367418
Ad(Ac),0.029437296,2,4,pitch,0.87355834
Ad(Ac),0.008939332,2,5,pitch,0.14300174
Ad(Ac),0.026177092,2,6,pitch,0.8601307
Ad(Ac),0.035590995,2,7,pitch,0.93210626
Ad(Ac),0.015150844,2,8,pitch,0.42501298
Ad(Ac),0.025531989,2,9,pitch,0.77396107
Ad(Ac),0.02395274,2,10,pitch,0.7100549
Ad(Ac),0.013948378,2,11,pitch,0.1754082
Ad(Ac),0.011373639,2,12,pitch,0.32128248
Ad(Ac),0.013022228,2,13,pitch,0.15818697
Ad(Ac),0.0119117955,2,14,pitch,0.21181965
Ad(Ac),0.024422912,2,15,pitch,0.71869695
Ad(Ac),0.0166015,2,16,pitch,0.4213147
Ad(Ac),0.011821558,2,17,pitch,0.34006643
Ad(Ac),0.012869997,2,18,pitch,0.18909396
Ad(Ac),0.020824809,2,19,pitch,0.5653046
Ad(Ac),0.008417483,2,20,pitch,0.21841885
Bi,0.006460841,2,1,pitch,0.09372794
Bi,0.0045954483,2,2,pitch,0.072004266
Bi,0.009049509,2,3,pitch,0.13103172
Bi,0.010415578,2,4,pitch,0.31896606
Bi,0.006796671,2,5,pitch,0.13011426
Bi,0.011791115,2,6,pitch,0.38450584
Bi,0.01604084,2,7,pitch,0.42361966
Bi,0.0055872835,2,8,pitch,0.08368979
Bi,0.019323887,2,9,pitch,0.29028738
Bi,0.014991017,2,10,pitch,0.29416654
Bi,0.008319707,2,11,pitch,0.09426992
Bi,0.0077578975,2,12,pitch,0.12502588
Bi,0.009290365,2,13,pitch,0.11346549
Bi,0.008302664,2,14,pitch,0.13845152
Bi,0.01183685,2,15,pitch,0.18970332
Bi,0.00465839,2,16,pitch,0.058234766
Bi,0.005269492,2,17,pitch,0.08270452
Bi,0.0059434758,2,18,pitch,0.06552815
Bi,0.010584985,2,19,pitch,0.23076242
Bi,0.0037128408,2,20,pitch,0.055170834
PP,0.004981169,3,1,pitch,0.46884283
PP,0.003334467,3,2,pitch,0.3588542
PP,0.011970032,3,3,pitch,0.8221014
PP,0.017296303,3,4,pitch,0.80046004
PP,0.032792404,3,5,pitch,1.1254885
PP,0.0042338036,3,6,pitch,0.40417576
PP,0.0023332273,3,7,pitch,0.32874528
PP,0.016892124,3,8,pitch,0.68119895
PP,0.030797709,3,9,pitch,0.82869166
PP,0.033875383,3,10,pitch,0.71585363
PP,0.007837853,3,11,pitch,0.82428575
PP,0.010325268,3,12,pitch,0.67596495
PP,0.004901739,3,13,pitch,0.36291778
PP,0.003094346,3,14,pitch,0.1625668
PP,0.025171688,3,15,pitch,0.49505726
PP,0.03126617,3,16,pitch,0.90185535
PP,0.03093194,3,17,pitch,0.9904151
PP,0.020593664,3,18,pitch,1.3098675
PP,0.006714832,3,19,pitch,1.1993643
PP,0.008205521,3,20,pitch,0.7096371
Ad(PD),0.008242324,3,1,pitch,1.1268387
Ad(PD),0.008190896,3,2,pitch,1.2534922
Ad(PD),0.011350034,3,3,pitch,1.2556139
Ad(PD),0.013827574,3,4,pitch,1.7532697
Ad(PD),0.024847923,3,5,pitch,1.6790957
Ad(PD),0.0040972065,3,6,pitch,0.27090964
Ad(PD),0.008312856,3,7,pitch,0.7996062
Ad(PD),0.0062280274,3,8,pitch,0.71554035
Ad(PD),0.0107545145,3,9,pitch,1.1351899
Ad(PD),0.009802458,3,10,pitch,0.92794186
Ad(PD),0.014716933,3,11,pitch,0.79927576
Ad(PD),0.0067510726,3,12,pitch,0.94875485
Ad(PD),0.0052686064,3,13,pitch,0.7218018
Ad(PD),0.005768263,3,14,pitch,0.5624457
Ad(PD),0.02450476,3,15,pitch,1.0729883
Ad(PD),0.007153582,3,16,pitch,0.67742616
Ad(PD),0.011872689,3,17,pitch,0.9656109
Ad(PD),0.013152525,3,18,pitch,1.0206746
Ad(PD),0.01338866,3,19,pitch,0.97013307
Ad(PD),0.008239378,3,20,pitch,0.67140037
Ad(Ac),0.017414046,3,1,pitch,0.45857814
Ad(Ac),0.013713208,3,2,pitch,0.8813636
Ad(Ac),0.021145504,3,3,pitch,0.9974456
Ad(Ac),0.05560031,3,4,pitch,0.587513
Ad(Ac),0.065817565,3,5,pitch,0.8137939
Ad(Ac),0.011991996,3,6,pitch,0.34100828
Ad(Ac),0.009343421,3,7,pitch,0.38311207
Ad(Ac),0.027863737,3,8,pitch,0.746854
Ad(Ac),0.030275015,3,9,pitch,0.78023124
Ad(Ac),0.04972534,3,10,pitch,0.7392212
Ad(Ac),0.04508136,3,11,pitch,0.62935376
Ad(Ac),0.059239127,3,12,pitch,0.93709385
Ad(Ac),0.033204477,3,13,pitch,0.45581126
Ad(Ac),0.0073053455,3,14,pitch,0.32877728
Ad(Ac),0.08253514,3,15,pitch,0.9590535
Ad(Ac),0.07534132,3,16,pitch,0.7923976
Ad(Ac),0.056960758,3,17,pitch,0.81070834
Ad(Ac),0.051230717,3,18,pitch,0.76785666
Ad(Ac),0.041417655,3,19,pitch,0.76545686
Ad(Ac),0.06300969,3,20,pitch,0.43947512
Bi,0.007553219,3,1,pitch,0.13758898
Bi,0.003834609,3,2,pitch,0.09053887
Bi,0.0082624275,3,3,pitch,0.24420875
Bi,0.007144324,3,4,pitch,0.19353223
Bi,0.006809207,3,5,pitch,0.23116003
Bi,0.0031909382,3,6,pitch,0.07174445
Bi,0.0032004798,3,7,pitch,0.09887609
Bi,0.0052885762,3,8,pitch,0.17400263
Bi,0.0064526154,3,9,pitch,0.16513377
Bi,0.0080825845,3,10,pitch,0.21230307
Bi,0.0075305575,3,11,pitch,0.21068846
Bi,0.008564386,3,12,pitch,0.17653249
Bi,0.0068591684,3,13,pitch,0.14596455
Bi,0.0042609526,3,14,pitch,0.12758714
Bi,0.008208643,3,15,pitch,0.23827091
Bi,0.01881882,3,16,pitch,0.24234071
Bi,0.014088552,3,17,pitch,0.18088253
Bi,0.011249896,3,18,pitch,0.1888316
Bi,0.0066360896,3,19,pitch,0.16907728
Bi,0.0058093923,3,20,pitch,0.11030082
PP,0.004376134,4,1,pitch,0.4487899
PP,0.0073476154,4,2,pitch,0.5265491
PP,0.0032663736,4,3,pitch,0.796832
PP,0.0037187831,4,4,pitch,0.40165767
PP,0.006790381,4,5,pitch,1.03492
PP,0.0025293147,4,6,pitch,0.40805817
PP,0.005794662,4,7,pitch,0.33637843
PP,0.00820504,4,8,pitch,0.99336505
PP,0.0058002598,4,9,pitch,1.0421056
PP,0.003351355,4,10,pitch,0.33721465
PP,0.0045204517,4,11,pitch,0.551597
PP,0.003781407,4,12,pitch,0.72488296
PP,0.0029240923,4,13,pitch,0.79041827
PP,0.010609006,4,14,pitch,0.3242384
PP,0.002402545,4,15,pitch,0.29881412
PP,0.004195879,4,16,pitch,0.31326038
PP,0.0033214556,4,17,pitch,0.55142
PP,0.0033694694,4,18,pitch,0.32883835
PP,0.0039287354,4,19,pitch,0.6064105
PP,0.003245728,4,20,pitch,0.3195714
Ad(PD),0.04386964,4,1,pitch,1.1684797
Ad(PD),0.0061144787,4,2,pitch,1.0246477
Ad(PD),0.007082586,4,3,pitch,0.4976663
Ad(PD),0.04178407,4,4,pitch,1.1544702
Ad(PD),0.036253326,4,5,pitch,1.5535855
Ad(PD),0.021718407,4,6,pitch,2.1135554
Ad(PD),0.014972841,4,7,pitch,1.7155037
Ad(PD),0.057508618,4,8,pitch,1.8826356
Ad(PD),0.123890765,4,9,pitch,1.7459843
Ad(PD),0.04120167,4,10,pitch,1.6539319
Ad(PD),0.03428777,4,11,pitch,2.0069754
Ad(PD),0.0355726,4,12,pitch,1.0828333
Ad(PD),0.069856435,4,13,pitch,1.9884868
Ad(PD),0.067148805,4,14,pitch,1.3421484
Ad(PD),0.019490775,4,15,pitch,1.296037
Ad(PD),0.03055807,4,16,pitch,2.2720194
Ad(PD),0.038241915,4,17,pitch,1.5752352
Ad(PD),0.057786655,4,18,pitch,2.3611732
Ad(PD),0.056357488,4,19,pitch,2.422752
Ad(PD),0.013301175,4,20,pitch,1.1141351
Ad(Ac),0.037303735,4,1,pitch,0.32976934
Ad(Ac),0.0337613,4,2,pitch,0.4206222
Ad(Ac),0.019469539,4,3,pitch,0.3982889
Ad(Ac),0.05351522,4,4,pitch,0.2547792
Ad(Ac),0.041401245,4,5,pitch,0.303617
Ad(Ac),0.009184193,4,6,pitch,0.2032418
Ad(Ac),0.0208951,4,7,pitch,0.31055456
Ad(Ac),0.027809866,4,8,pitch,0.46129516
Ad(Ac),0.032249756,4,9,pitch,0.5496308
Ad(Ac),0.021756047,4,10,pitch,0.40421543
Ad(Ac),0.025807293,4,11,pitch,0.43273678
Ad(Ac),0.01355745,4,12,pitch,0.24430095
Ad(Ac),0.018475922,4,13,pitch,0.42635566
Ad(Ac),0.021380568,4,14,pitch,0.24270876
Ad(Ac),0.009041691,4,15,pitch,0.14265716
Ad(Ac),0.017985351,4,16,pitch,0.2087099
Ad(Ac),0.012340185,4,17,pitch,0.36685964
Ad(Ac),0.004566303,4,18,pitch,0.1779753
Ad(Ac),0.01656243,4,19,pitch,0.41900095
Ad(Ac),0.009232442,4,20,pitch,0.20166656
Bi,0.01444518,4,1,pitch,0.10908454
Bi,0.006472989,4,2,pitch,0.1150345
Bi,0.0035767178,4,3,pitch,0.077120505
Bi,0.0054504704,4,4,pitch,0.09778855
Bi,0.0055558598,4,5,pitch,0.18318395
Bi,0.005500625,4,6,pitch,0.075486
Bi,0.00749066,4,7,pitch,0.110524155
Bi,0.0044882665,4,8,pitch,0.19684802
Bi,0.0052435403,4,9,pitch,0.17977461
Bi,0.004753556,4,10,pitch,0.077224724
Bi,0.008072297,4,11,pitch,0.15153359
Bi,0.0071587083,4,12,pitch,0.09822471
Bi,0.005417708,4,13,pitch,0.12233548
Bi,0.005368725,4,14,pitch,0.15633042
Bi,0.0053724893,4,15,pitch,0.063798755
Bi,0.006843091,4,16,pitch,0.15378833
Bi,0.0038071813,4,17,pitch,0.15900739
Bi,0.0043529095,4,18,pitch,0.06162108
Bi,0.008776064,4,19,pitch,0.21658394
Bi,0.007959987,4,20,pitch,0.13230407
PP,0.004174357,5,1,pitch,0.283127
PP,0.03236487,5,2,pitch,0.6308723
PP,0.028603556,5,3,pitch,0.6518676
PP,0.033617955,5,4,pitch,0.43304193
PP,0.023057168,5,5,pitch,1.6489648
PP,0.033585098,5,6,pitch,0.44892356
PP,0.009006028,5,7,pitch,0.21943685
PP,0.019698942,5,8,pitch,0.7588185
PP,0.01948669,5,9,pitch,0.8607559
PP,0.020107917,5,10,pitch,1.0649518
PP,0.0034394572,5,11,pitch,1.1415528
PP,0.005067329,5,12,pitch,0.57506114
PP,0.011994008,5,13,pitch,1.0509855
PP,0.008290198,5,14,pitch,1.1798936
PP,0.009957657,5,15,pitch,0.68973935
PP,0.013267374,5,16,pitch,0.7726771
PP,0.01289449,5,17,pitch,1.1651185
PP,0.014475513,5,18,pitch,1.1932001
PP,0.009079832,5,19,pitch,1.2666354
PP,0.02095062,5,20,pitch,0.6796333
Ad(PD),0.0037796,5,1,pitch,0.2921487
Ad(PD),0.0052840724,5,2,pitch,0.46321666
Ad(PD),0.027174246,5,3,pitch,0.68931574
Ad(PD),0.0059148376,5,4,pitch,0.42382398
Ad(PD),0.00764032,5,5,pitch,0.49733853
Ad(PD),0.010760764,5,6,pitch,0.71528476
Ad(PD),0.006586806,5,7,pitch,0.687544
Ad(PD),0.01741951,5,8,pitch,0.93289536
Ad(PD),0.0129470825,5,9,pitch,1.0621047
Ad(PD),0.005405408,5,10,pitch,0.48782828
Ad(PD),0.004055321,5,11,pitch,0.29850215
Ad(PD),0.045777075,5,12,pitch,0.9041891
Ad(PD),0.01695292,5,13,pitch,0.90342206
Ad(PD),0.006843477,5,14,pitch,0.5314995
Ad(PD),0.029897207,5,15,pitch,1.0937625
Ad(PD),0.010558948,5,16,pitch,0.5945295
Ad(PD),0.0072788075,5,17,pitch,0.66373867
Ad(PD),0.024696134,5,18,pitch,0.6573124
Ad(PD),0.04754768,5,19,pitch,1.2139193
Ad(PD),0.025368536,5,20,pitch,0.75987273
Ad(Ac),0.009647978,5,1,pitch,0.24545781
Ad(Ac),0.028417844,5,2,pitch,0.44476283
Ad(Ac),0.12981929,5,3,pitch,1.1707625
Ad(Ac),0.015997767,5,4,pitch,0.27669472
Ad(Ac),0.05542701,5,5,pitch,0.68155813
Ad(Ac),0.09089432,5,6,pitch,0.74340177
Ad(Ac),0.009203734,5,7,pitch,0.11436409
Ad(Ac),0.03236942,5,8,pitch,0.566441
Ad(Ac),0.034147065,5,9,pitch,0.8891778
Ad(Ac),0.014794871,5,10,pitch,0.27340496
Ad(Ac),0.016331434,5,11,pitch,0.29918033
Ad(Ac),0.021768052,5,12,pitch,0.49734652
Ad(Ac),0.0706559,5,13,pitch,0.60206604
Ad(Ac),0.029195407,5,14,pitch,0.29892704
Ad(Ac),0.109793395,5,15,pitch,0.8159445
Ad(Ac),0.014013564,5,16,pitch,0.3120929
Ad(Ac),0.010728754,5,17,pitch,0.30117026
Ad(Ac),0.040411916,5,18,pitch,0.8870877
Ad(Ac),0.036669806,5,19,pitch,0.8439779
Ad(Ac),0.036587793,5,20,pitch,0.6443636
Bi,0.0040966542,5,1,pitch,0.09940007
Bi,0.009963599,5,2,pitch,0.15857355
Bi,0.059847385,5,3,pitch,0.3469258
Bi,0.009343001,5,4,pitch,0.18458529
Bi,0.0098256245,5,5,pitch,0.22894488
Bi,0.017248869,5,6,pitch,0.1889946
Bi,0.0057455655,5,7,pitch,0.06615581
Bi,0.010024792,5,8,pitch,0.24155717
Bi,0.014497538,5,9,pitch,0.3034598
Bi,0.006166244,5,10,pitch,0.08449594
Bi,0.0048365933,5,11,pitch,0.11702507
Bi,0.015189979,5,12,pitch,0.25799587
Bi,0.021166513,5,13,pitch,0.24382113
Bi,0.014807071,5,14,pitch,0.14865053
Bi,0.013182774,5,15,pitch,0.31705847
Bi,0.010239981,5,16,pitch,0.18538451
Bi,0.008932246,5,17,pitch,0.26150343
Bi,0.0075785574,5,18,pitch,0.2615726
Bi,0.009063474,5,19,pitch,0.22331388
Bi,0.018500417,5,20,pitch,0.09779404
PP,0.0017318655,6,1,pitch,0.18607767
PP,0.002461166,6,2,pitch,0.14828858
PP,0.0040281927,6,3,pitch,0.4385821
PP,0.036323316,6,4,pitch,1.0686252
PP,0.005929281,6,5,pitch,0.7942491
PP,0.004395977,6,6,pitch,0.47480232
PP,0.012987364,6,7,pitch,0.570079
PP,0.012764463,6,8,pitch,0.91618395
PP,0.025474051,6,9,pitch,0.5637929
PP,0.010650246,6,10,pitch,0.7249578
PP,0.05274459,6,11,pitch,1.1942984
PP,0.0035063578,6,12,pitch,1.7050377
PP,0.02196154,6,13,pitch,0.7041271
PP,0.046465397,6,14,pitch,0.4725763
PP,0.008521286,6,15,pitch,0.5655463
PP,0.014139246,6,16,pitch,1.089198
PP,0.010273421,6,17,pitch,1.3309287
PP,0.00611447,6,18,pitch,0.8604642
PP,0.007855085,6,19,pitch,1.1836506
PP,0.01572159,6,20,pitch,1.079773
Ad(PD),0.0094644325,6,1,pitch,1.2888452
Ad(PD),0.0035842618,6,2,pitch,0.5393142
Ad(PD),0.0557844,6,3,pitch,2.1121094
Ad(PD),0.05379855,6,4,pitch,2.3286703
Ad(PD),0.05254204,6,5,pitch,1.2031898
Ad(PD),0.022772597,6,6,pitch,1.0284668
Ad(PD),0.012263707,6,7,pitch,0.7160383
Ad(PD),0.044458125,6,8,pitch,1.4716086
Ad(PD),0.11601417,6,9,pitch,2.4886584
Ad(PD),0.007510368,6,10,pitch,1.0565649
Ad(PD),0.12420115,6,11,pitch,2.1980813
Ad(PD),0.035650436,6,12,pitch,1.5538361
Ad(PD),0.09406106,6,13,pitch,1.6615386
Ad(PD),0.057315204,6,14,pitch,1.2249174
Ad(PD),0.023841156,6,15,pitch,1.1403652
Ad(PD),0.09946054,6,16,pitch,1.440843
Ad(PD),0.079889216,6,17,pitch,2.1410944
Ad(PD),0.019200811,6,18,pitch,1.1907287
Ad(PD),0.019775227,6,19,pitch,0.92581964
Ad(PD),0.034874454,6,20,pitch,1.3052093
Ad(Ac),0.01758595,6,1,pitch,0.20961824
Ad(Ac),0.007599288,6,2,pitch,0.1706237
Ad(Ac),0.030778076,6,3,pitch,0.4886647
Ad(Ac),0.04026005,6,4,pitch,0.7063351
Ad(Ac),0.015974067,6,5,pitch,0.32372335
Ad(Ac),0.0077022063,6,6,pitch,0.17103787
Ad(Ac),0.017662998,6,7,pitch,0.65110326
Ad(Ac),0.02642091,6,8,pitch,0.55538297
Ad(Ac),0.021450082,6,9,pitch,0.65060836
Ad(Ac),0.016103616,6,10,pitch,0.33936536
Ad(Ac),0.02585423,6,11,pitch,0.41269565
Ad(Ac),0.028665913,6,12,pitch,0.6127701
Ad(Ac),0.073776275,6,13,pitch,0.84243166
Ad(Ac),0.035684492,6,14,pitch,0.40383366
Ad(Ac),0.02057042,6,15,pitch,0.6763202
Ad(Ac),0.03622671,6,16,pitch,0.38566804
Ad(Ac),0.03897399,6,17,pitch,0.7605362
Ad(Ac),0.016571943,6,18,pitch,0.34427688
Ad(Ac),0.009146793,6,19,pitch,0.3343593
Ad(Ac),0.017531,6,20,pitch,0.32055283
Bi,0.0039539663,6,1,pitch,0.07659706
Bi,0.0046869423,6,2,pitch,0.09782487
Bi,0.012802992,6,3,pitch,0.24966446
Bi,0.035360903,6,4,pitch,0.30321243
Bi,0.007229567,6,5,pitch,0.119881764
Bi,0.0036509845,6,6,pitch,0.08096713
Bi,0.009052489,6,7,pitch,0.22485363
Bi,0.006300604,6,8,pitch,0.20002356
Bi,0.008944007,6,9,pitch,0.29861128
Bi,0.00822595,6,10,pitch,0.15998468
Bi,0.08659077,6,11,pitch,0.32972452
Bi,0.008260519,6,12,pitch,0.22386618
Bi,0.017705496,6,13,pitch,0.31540465
Bi,0.013642525,6,14,pitch,0.29046234
Bi,0.008648446,6,15,pitch,0.2230171
Bi,0.017866526,6,16,pitch,0.31265774
Bi,0.018475113,6,17,pitch,0.28521645
Bi,0.005910903,6,18,pitch,0.09199076
Bi,0.0059112255,6,19,pitch,0.11771664
Bi,0.00472876,6,20,pitch,0.16618112
PP,0.009965007,1,1,roll,1.6494877
PP,0.021133052,1,2,roll,1.8814757
PP,0.013941144,1,3,roll,1.5196084
PP,0.013898033,1,4,roll,1.9687346
PP,0.011723665,1,5,roll,1.073532
PP,0.016251028,1,6,roll,1.1032265
PP,0.019775972,1,7,roll,1.6665884
PP,0.00865112,1,8,roll,0.5923107
PP,0.010514861,1,9,roll,0.30774298
PP,0.009967266,1,10,roll,1.2095094
PP,0.012632225,1,11,roll,1.2665147
PP,0.0055911154,1,12,roll,1.138891
PP,0.008141022,1,13,roll,1.4906492
PP,0.00782626,1,14,roll,1.0523437
PP,0.011414168,1,15,roll,1.0422844
PP,0.015358828,1,16,roll,1.3141093
PP,0.006148361,1,17,roll,0.8359592
PP,0.010732448,1,18,roll,1.4843026
PP,0.0116341,1,19,roll,1.4606229
PP,0.010253685,1,20,roll,0.7126002
Ad(PD),0.1037297,1,1,roll,1.8883619
Ad(PD),0.09116543,1,2,roll,3.2568836
Ad(PD),0.13725638,1,3,roll,3.2624865
Ad(PD),0.07214376,1,4,roll,3.2810636
Ad(PD),0.09266006,1,5,roll,3.5732834
Ad(PD),0.12956001,1,6,roll,3.184848
Ad(PD),0.14684707,1,7,roll,2.940586
Ad(PD),0.063357785,1,8,roll,3.3204415
Ad(PD),0.057175677,1,9,roll,3.4371479
Ad(PD),0.061531276,1,10,roll,3.6315293
Ad(PD),0.115996204,1,11,roll,3.4083447
Ad(PD),0.11899988,1,12,roll,3.6870885
Ad(PD),0.14151841,1,13,roll,3.1683471
Ad(PD),0.1752816,1,14,roll,3.268738
Ad(PD),0.083995685,1,15,roll,3.4897895
Ad(PD),0.057788696,1,16,roll,3.0053115
Ad(PD),0.108380646,1,17,roll,3.2841268
Ad(PD),0.107534714,1,18,roll,2.779641
Ad(PD),0.094258465,1,19,roll,3.1006544
Ad(PD),0.08629426,1,20,roll,3.5192845
Ad(Ac),0.0123782065,1,1,roll,0.80724704
Ad(Ac),0.012845546,1,2,roll,0.57852775
Ad(Ac),0.011283772,1,3,roll,0.41347256
Ad(Ac),0.01410053,1,4,roll,0.49427977
Ad(Ac),0.0073109833,1,5,roll,0.15761892
Ad(Ac),0.010015643,1,6,roll,0.50497943
Ad(Ac),0.012047735,1,7,roll,0.43477103
Ad(Ac),0.013113883,1,8,roll,0.45255992
Ad(Ac),0.0056791757,1,9,roll,0.32401857
Ad(Ac),0.007319659,1,10,roll,0.36293936
Ad(Ac),0.01092973,1,11,roll,0.5021111
Ad(Ac),0.0064257924,1,12,roll,0.4040605
Ad(Ac),0.009774017,1,13,roll,0.6461537
Ad(Ac),0.006938808,1,14,roll,0.3774333
Ad(Ac),0.008161493,1,15,roll,0.42795292
Ad(Ac),0.009024073,1,16,roll,0.51286197
Ad(Ac),0.005802115,1,17,roll,0.34190297
Ad(Ac),0.014958817,1,18,roll,0.52382374
Ad(Ac),0.006207434,1,19,roll,0.2706588
Ad(Ac),0.0072717103,1,20,roll,0.26765388
Bi,0.0062566805,1,1,roll,0.44859695
Bi,0.006811952,1,2,roll,0.33313277
Bi,0.004835443,1,3,roll,0.20398612
Bi,0.004675683,1,4,roll,0.3560777
Bi,0.003587622,1,5,roll,0.13377851
Bi,0.0064543965,1,6,roll,0.29916355
Bi,0.0078091538,1,7,roll,0.288424
Bi,0.0046539176,1,8,roll,0.19067362
Bi,0.005018409,1,9,roll,0.13378234
Bi,0.0064523066,1,10,roll,0.20923756
Bi,0.006497379,1,11,roll,0.30472
Bi,0.0034831336,1,12,roll,0.2420558
Bi,0.004784531,1,13,roll,0.34609804
Bi,0.0054794126,1,14,roll,0.1765152
Bi,0.0030682383,1,15,roll,0.24664325
Bi,0.0048604435,1,16,roll,0.2686902
Bi,0.0031859265,1,17,roll,0.18720876
Bi,0.003585155,1,18,roll,0.30189422
Bi,0.003036938,1,19,roll,0.17974558
Bi,0.003969249,1,20,roll,0.14699182
PP,0.017567268,2,1,roll,1.3096243
PP,0.028998047,2,2,roll,0.975614
PP,0.03870732,2,3,roll,0.7715591
PP,0.03985735,2,4,roll,0.32528004
PP,0.049393173,2,5,roll,0.8202415
PP,0.023388144,2,6,roll,0.36002865
PP,0.034654796,2,7,roll,0.36329785
PP,0.033783168,2,8,roll,1.457936
PP,0.023589225,2,9,roll,0.3640521
PP,0.017118866,2,10,roll,0.45676488
PP,0.02847607,2,11,roll,1.8751521
PP,0.015254463,2,12,roll,1.2889587
PP,0.022174241,2,13,roll,1.3175038
PP,0.031934846,2,14,roll,1.1540387
PP,0.04548927,2,15,roll,0.77123487
PP,0.049848143,2,16,roll,1.1123871
PP,0.052325513,2,17,roll,1.0798032
PP,0.03360686,2,18,roll,1.5043069
PP,0.015803264,2,19,roll,0.94559777
PP,0.02454883,2,20,roll,1.2237531
Ad(PD),0.078796536,2,1,roll,2.3457382
Ad(PD),0.12606646,2,2,roll,3.223687
Ad(PD),0.09596976,2,3,roll,3.0829911
Ad(PD),0.10585498,2,4,roll,3.2500985
Ad(PD),0.13481984,2,5,roll,2.4070313
Ad(PD),0.14927755,2,6,roll,3.2921555
Ad(PD),0.17951956,2,7,roll,3.2132454
Ad(PD),0.18379568,2,8,roll,2.7873573
Ad(PD),0.1362344,2,9,roll,2.8888416
Ad(PD),0.10057505,2,10,roll,2.953338
Ad(PD),0.11835722,2,11,roll,3.2103872
Ad(PD),0.08341883,2,12,roll,3.3308084
Ad(PD),0.08893472,2,13,roll,2.8180952
Ad(PD),0.07946283,2,14,roll,3.0360885
Ad(PD),0.07873861,2,15,roll,2.9518132
Ad(PD),0.07671634,2,16,roll,3.5031087
Ad(PD),0.1018586,2,17,roll,2.7153788
Ad(PD),0.13160694,2,18,roll,2.8334954
Ad(PD),0.13628343,2,19,roll,3.2092462
Ad(PD),0.118112475,2,20,roll,3.086975
Ad(Ac),0.023427492,2,1,roll,0.73722386
Ad(Ac),0.034283634,2,2,roll,0.7188242
Ad(Ac),0.023311239,2,3,roll,0.6518856
Ad(Ac),0.015002854,2,4,roll,0.31185794
Ad(Ac),0.015660392,2,5,roll,0.5885263
Ad(Ac),0.018824592,2,6,roll,0.14597785
Ad(Ac),0.024224991,2,7,roll,0.19568963
Ad(Ac),0.023221515,2,8,roll,0.58911765
Ad(Ac),0.018461592,2,9,roll,0.32567337
Ad(Ac),0.023959737,2,10,roll,0.29361963
Ad(Ac),0.021993726,2,11,roll,0.55162114
Ad(Ac),0.0112088965,2,12,roll,0.4310895
Ad(Ac),0.032040283,2,13,roll,0.59445924
Ad(Ac),0.06053427,2,14,roll,0.9689701
Ad(Ac),0.035952758,2,15,roll,0.33499682
Ad(Ac),0.030554667,2,16,roll,0.50434387
Ad(Ac),0.019777946,2,17,roll,0.5264786
Ad(Ac),0.032625407,2,18,roll,0.62638855
Ad(Ac),0.021923332,2,19,roll,0.43686172
Ad(Ac),0.022755772,2,20,roll,0.569365
Bi,0.0332903,2,1,roll,0.28532097
Bi,0.016498404,2,2,roll,0.32983825
Bi,0.044188585,2,3,roll,0.4651003
Bi,0.008965138,2,4,roll,0.15278526
Bi,0.012507797,2,5,roll,0.36174542
Bi,0.01424265,2,6,roll,0.1114753
Bi,0.017550983,2,7,roll,0.09776092
Bi,0.00889318,2,8,roll,0.30663967
Bi,0.009493037,2,9,roll,0.25921896
Bi,0.014714729,2,10,roll,0.18185586
Bi,0.021700159,2,11,roll,0.39699268
Bi,0.017243592,2,12,roll,0.27938014
Bi,0.02879942,2,13,roll,0.2977449
Bi,0.019239811,2,14,roll,0.31941152
Bi,0.010120683,2,15,roll,0.2546398
Bi,0.012144044,2,16,roll,0.29585084
Bi,0.009687356,2,17,roll,0.29634616
Bi,0.0063551934,2,18,roll,0.3316264
Bi,0.008066441,2,19,roll,0.23684856
Bi,0.0106505,2,20,roll,0.3004087
PP,0.030188767,3,1,roll,0.42255983
PP,0.027138626,3,2,roll,0.8283106
PP,0.011645336,3,3,roll,0.90695816
PP,0.0069258153,3,4,roll,0.5681237
PP,0.0055447305,3,5,roll,0.6428789
PP,0.04020015,3,6,roll,1.0333083
PP,0.047466375,3,7,roll,0.9554964
PP,0.023546651,3,8,roll,1.1727973
PP,0.015087635,3,9,roll,0.9344864
PP,0.008968269,3,10,roll,0.9186094
PP,0.022101974,3,11,roll,0.8116229
PP,0.009062167,3,12,roll,1.3448846
PP,0.010312974,3,13,roll,0.96504694
PP,0.11716754,3,14,roll,0.9911785
PP,0.008790939,3,15,roll,0.3015702
PP,0.06441246,3,16,roll,0.31807658
PP,0.031803817,3,17,roll,0.8647497
PP,0.009359546,3,18,roll,0.48669633
PP,0.04762364,3,19,roll,1.4252368
PP,0.06668941,3,20,roll,0.93858284
Ad(PD),0.18480226,3,1,roll,2.9905767
Ad(PD),0.08744567,3,2,roll,3.377661
Ad(PD),0.17648786,3,3,roll,2.7594762
Ad(PD),0.10514365,3,4,roll,3.1759496
Ad(PD),0.11945818,3,5,roll,3.125482
Ad(PD),0.23012365,3,6,roll,2.2043648
Ad(PD),0.069836184,3,7,roll,3.2209764
Ad(PD),0.09580448,3,8,roll,3.1515038
Ad(PD),0.11298602,3,9,roll,3.1542556
Ad(PD),0.13261156,3,10,roll,3.191811
Ad(PD),0.18568587,3,11,roll,2.7740295
Ad(PD),0.14633913,3,12,roll,2.688752
Ad(PD),0.17562097,3,13,roll,2.6174505
Ad(PD),0.15848194,3,14,roll,2.3026865
Ad(PD),0.095734894,3,15,roll,2.991913
Ad(PD),0.14572793,3,16,roll,3.072583
Ad(PD),0.14088604,3,17,roll,2.7669709
Ad(PD),0.11002749,3,18,roll,2.9284294
Ad(PD),0.09750129,3,19,roll,3.2042603
Ad(PD),0.108389586,3,20,roll,3.1235569
Ad(Ac),0.06450551,3,1,roll,0.3668961
Ad(Ac),0.12282184,3,2,roll,0.5553316
Ad(Ac),0.05930356,3,3,roll,0.22123739
Ad(Ac),0.074812606,3,4,roll,0.15185618
Ad(Ac),0.06685945,3,5,roll,0.30099568
Ad(Ac),0.043592677,3,6,roll,0.4972202
Ad(Ac),0.095378205,3,7,roll,0.6558604
Ad(Ac),0.08883096,3,8,roll,0.51500076
Ad(Ac),0.023569627,3,9,roll,0.58219206
Ad(Ac),0.04337067,3,10,roll,0.250965
Ad(Ac),0.15078738,3,11,roll,0.176268
Ad(Ac),0.06984545,3,12,roll,0.25195172
Ad(Ac),0.0588073,3,13,roll,0.33612034
Ad(Ac),0.254398,3,14,roll,0.86813915
Ad(Ac),0.09211887,3,15,roll,0.31457365
Ad(Ac),0.07078833,3,16,roll,0.361445
Ad(Ac),0.1130033,3,17,roll,0.25579244
Ad(Ac),0.09960825,3,18,roll,0.20120467
Ad(Ac),0.17708421,3,19,roll,0.49689746
Ad(Ac),0.14153534,3,20,roll,0.31222185
Bi,0.0067009293,3,1,roll,0.1813042
Bi,0.0043024877,3,2,roll,0.25249505
Bi,0.003992976,3,3,roll,0.17566887
Bi,0.0028653976,3,4,roll,0.18264644
Bi,0.0030100395,3,5,roll,0.17865178
Bi,0.006587703,3,6,roll,0.26898926
Bi,0.0057897856,3,7,roll,0.28703713
Bi,0.0052395565,3,8,roll,0.27361023
Bi,0.004156989,3,9,roll,0.23193535
Bi,0.003711335,3,10,roll,0.12921277
Bi,0.005043158,3,11,roll,0.20628591
Bi,0.005622701,3,12,roll,0.15311792
Bi,0.006888225,3,13,roll,0.15383206
Bi,0.007989207,3,14,roll,0.34230316
Bi,0.002707361,3,15,roll,0.10629814
Bi,0.014852239,3,16,roll,0.11689141
Bi,0.0041519967,3,17,roll,0.11059775
Bi,0.0038954867,3,18,roll,0.07325593
Bi,0.03615458,3,19,roll,0.19886582
Bi,0.006780545,3,20,roll,0.15166171
PP,0.011357154,4,1,roll,0.4376442
PP,0.02016058,4,2,roll,0.7997955
PP,0.016694153,4,3,roll,0.8378758
PP,0.009284149,4,4,roll,1.30458
PP,0.02925251,4,5,roll,0.76872265
PP,0.021787414,4,6,roll,1.6111246
PP,0.027624998,4,7,roll,0.87604
PP,0.011476862,4,8,roll,0.3153763
PP,0.008546302,4,9,roll,0.22394909
PP,0.013759847,4,10,roll,1.1571844
PP,0.030386172,4,11,roll,0.5621013
PP,0.031231768,4,12,roll,0.697629
PP,0.0070598703,4,13,roll,0.80001146
PP,0.021555794,4,14,roll,0.9378496
PP,0.008158963,4,15,roll,1.0961047
PP,0.053660803,4,16,roll,0.5062694
PP,0.014137233,4,17,roll,0.86320597
PP,0.015737545,4,18,roll,1.510007
PP,0.010604334,4,19,roll,1.1428655
PP,0.04383576,4,20,roll,1.2862661
Ad(PD),0.06850681,4,1,roll,3.5699618
Ad(PD),0.105651416,4,2,roll,3.413859
Ad(PD),0.11974271,4,3,roll,3.4027808
Ad(PD),0.1054265,4,4,roll,3.4258752
Ad(PD),0.15375167,4,5,roll,3.2870214
Ad(PD),0.07258553,4,6,roll,3.193811
Ad(PD),0.061429676,4,7,roll,3.4422536
Ad(PD),0.08232213,4,8,roll,3.4295256
Ad(PD),0.11259788,4,9,roll,3.467565
Ad(PD),0.07765893,4,10,roll,3.730047
Ad(PD),0.090465404,4,11,roll,3.6356692
Ad(PD),0.098495506,4,12,roll,3.4534438
Ad(PD),0.099391,4,13,roll,3.1384063
Ad(PD),0.12412957,4,14,roll,3.3208113
Ad(PD),0.120590106,4,15,roll,2.9407046
Ad(PD),0.1591449,4,16,roll,2.31995
Ad(PD),0.107556045,4,17,roll,3.4117596
Ad(PD),0.14515905,4,18,roll,3.3884623
Ad(PD),0.12051059,4,19,roll,3.3977058
Ad(PD),0.10854459,4,20,roll,3.3975494
Ad(Ac),0.069391586,4,1,roll,0.18823275
Ad(Ac),0.033187035,4,2,roll,0.36436987
Ad(Ac),0.05199197,4,3,roll,0.37437513
Ad(Ac),0.018745,4,4,roll,0.50773853
Ad(Ac),0.091557585,4,5,roll,0.08915048
Ad(Ac),0.039980944,4,6,roll,0.50280595
Ad(Ac),0.020278253,4,7,roll,0.3641104
Ad(Ac),0.02223131,4,8,roll,0.24070978
Ad(Ac),0.011004637,4,9,roll,0.1292364
Ad(Ac),0.030902958,4,10,roll,0.53364563
Ad(Ac),0.026641775,4,11,roll,0.26261783
Ad(Ac),0.07278816,4,12,roll,0.4197454
Ad(Ac),0.018991362,4,13,roll,0.287488
Ad(Ac),0.035271835,4,14,roll,0.35109136
Ad(Ac),0.02752697,4,15,roll,0.44530046
Ad(Ac),0.04502499,4,16,roll,0.34491533
Ad(Ac),0.0121840015,4,17,roll,0.2570975
Ad(Ac),0.013423413,4,18,roll,0.4391013
Ad(Ac),0.016005322,4,19,roll,0.32745397
Ad(Ac),0.017269904,4,20,roll,0.519736
Bi,0.027830504,4,1,roll,0.10879432
Bi,0.05699208,4,2,roll,0.12769623
Bi,0.028611846,4,3,roll,0.15852022
Bi,0.004197186,4,4,roll,0.15817091
Bi,0.004978897,4,5,roll,0.093135804
Bi,0.0055986345,4,6,roll,0.17091133
Bi,0.008554812,4,7,roll,0.1776052
Bi,0.0055445363,4,8,roll,0.100852475
Bi,0.008091263,4,9,roll,0.121131904
Bi,0.005949069,4,10,roll,0.19858122
Bi,0.0062480555,4,11,roll,0.19694777
Bi,0.007491413,4,12,roll,0.21966484
Bi,0.011308046,4,13,roll,0.10693952
Bi,0.0065779993,4,14,roll,0.20035897
Bi,0.008368776,4,15,roll,0.23177631
Bi,0.012259657,4,16,roll,0.24341805
Bi,0.004414785,4,17,roll,0.1317764
Bi,0.014141976,4,18,roll,0.31618467
Bi,0.008611925,4,19,roll,0.1881575
Bi,0.016899131,4,20,roll,0.17834349
PP,0.013760929,5,1,roll,1.6470987
PP,0.10092602,5,2,roll,0.7853502
PP,0.13765933,5,3,roll,0.4447426
PP,0.13650484,5,4,roll,1.297301
PP,0.08617297,5,5,roll,0.3914545
PP,0.13588035,5,6,roll,0.4766185
PP,0.123055615,5,7,roll,0.8057975
PP,0.09382408,5,8,roll,0.6825556
PP,0.053372845,5,9,roll,0.548314
PP,0.08969785,5,10,roll,0.6122786
PP,0.047766156,5,11,roll,0.92392355
PP,0.146572,5,12,roll,0.52237886
PP,0.1279252,5,13,roll,0.2464071
PP,0.13287055,5,14,roll,0.70642376
PP,0.15467416,5,15,roll,0.17161168
PP,0.16612622,5,16,roll,0.7484422
PP,0.05154935,5,17,roll,1.0442121
PP,0.016624676,5,18,roll,0.53848594
PP,0.09122786,5,19,roll,0.66633874
PP,0.1284294,5,20,roll,0.72056216
Ad(PD),0.21507151,5,1,roll,2.3163745
Ad(PD),0.14406098,5,2,roll,1.9985254
Ad(PD),0.08938221,5,3,roll,2.555937
Ad(PD),0.07773428,5,4,roll,2.2077603
Ad(PD),0.083682165,5,5,roll,2.6588106
Ad(PD),0.08882434,5,6,roll,3.0863988
Ad(PD),0.14843844,5,7,roll,2.8759754
Ad(PD),0.14135031,5,8,roll,3.1173036
Ad(PD),0.10212939,5,9,roll,3.023572
Ad(PD),0.13147408,5,10,roll,2.9240224
Ad(PD),0.17537566,5,11,roll,3.195347
Ad(PD),0.124905944,5,12,roll,3.2081332
Ad(PD),0.05936797,5,13,roll,3.4711425
Ad(PD),0.13685682,5,14,roll,3.1863587
Ad(PD),0.07181686,5,15,roll,3.35714
Ad(PD),0.083875105,5,16,roll,3.4228039
Ad(PD),0.11354225,5,17,roll,3.4751818
Ad(PD),0.08381476,5,18,roll,3.3811088
Ad(PD),0.0764451,5,19,roll,3.4973204
Ad(PD),0.12014071,5,20,roll,3.2503443
Ad(Ac),0.009603221,5,1,roll,0.6147065
Ad(Ac),0.06789396,5,2,roll,0.38597533
Ad(Ac),0.10900287,5,3,roll,0.26343912
Ad(Ac),0.17594923,5,4,roll,0.55150515
Ad(Ac),0.079289824,5,5,roll,0.29661465
Ad(Ac),0.115952864,5,6,roll,0.2873182
Ad(Ac),0.10680762,5,7,roll,0.5531528
Ad(Ac),0.11675873,5,8,roll,0.43770933
Ad(Ac),0.06134939,5,9,roll,0.28329805
Ad(Ac),0.095248014,5,10,roll,0.51591617
Ad(Ac),0.11488342,5,11,roll,0.7845471
Ad(Ac),0.0991,5,12,roll,0.55081683
Ad(Ac),0.21583821,5,13,roll,0.30327618
Ad(Ac),0.12803662,5,14,roll,0.47959286
Ad(Ac),0.16918077,5,15,roll,0.27015138
Ad(Ac),0.19981363,5,16,roll,0.5283765
Ad(Ac),0.108687714,5,17,roll,0.4493159
Ad(Ac),0.17796907,5,18,roll,0.21263956
Ad(Ac),0.13472737,5,19,roll,0.33166653
Ad(Ac),0.12761281,5,20,roll,0.66246754
Bi,0.0063187494,5,1,roll,0.31308115
Bi,0.03239879,5,2,roll,0.25283542
Bi,0.085710004,5,3,roll,0.21094157
Bi,0.078392446,5,4,roll,0.36367792
Bi,0.14756353,5,5,roll,0.12957968
Bi,0.13038658,5,6,roll,0.21050468
Bi,0.14067565,5,7,roll,0.35476872
Bi,0.10180172,5,8,roll,0.29642406
Bi,0.050800737,5,9,roll,0.23502965
Bi,0.08629943,5,10,roll,0.26507092
Bi,0.06940542,5,11,roll,0.3732131
Bi,0.17161426,5,12,roll,0.34134114
Bi,0.10538385,5,13,roll,0.106512055
Bi,0.1230647,5,14,roll,0.39445466
Bi,0.1246627,5,15,roll,0.16308469
Bi,0.1876032,5,16,roll,0.33103248
Bi,0.066444695,5,17,roll,0.3495022
Bi,0.07786588,5,18,roll,0.13225496
Bi,0.16136783,5,19,roll,0.20561962
Bi,0.21214214,5,20,roll,0.30789244
PP,0.094456695,6,1,roll,0.84121525
PP,0.11130801,6,2,roll,0.56779915
PP,0.22925733,6,3,roll,0.5910164
PP,0.012103017,6,4,roll,0.4741868
PP,0.069597,6,5,roll,0.5686961
PP,0.12703475,6,6,roll,0.9015887
PP,0.10771893,6,7,roll,0.73125005
PP,0.037245203,6,8,roll,1.2717873
PP,0.08666011,6,9,roll,0.7951336
PP,0.10295258,6,10,roll,0.3555694
PP,0.042838484,6,11,roll,0.23303995
PP,0.09786377,6,12,roll,0.6039246
PP,0.031695668,6,13,roll,1.0755528
PP,0.028648572,6,14,roll,0.8512777
PP,0.045510363,6,15,roll,0.7155947
PP,0.046080027,6,16,roll,0.23656067
PP,0.014172018,6,17,roll,0.7122656
PP,0.04321094,6,18,roll,0.9967592
PP,0.045508508,6,19,roll,1.0066004
PP,0.06775611,6,20,roll,1.3463917
Ad(PD),0.22422856,6,1,roll,2.8665564
Ad(PD),0.1767848,6,2,roll,3.3689978
Ad(PD),0.2580455,6,3,roll,2.8906558
Ad(PD),0.08258779,6,4,roll,3.404553
Ad(PD),0.24950585,6,5,roll,2.3910859
Ad(PD),0.1932947,6,6,roll,2.15666
Ad(PD),0.21138242,6,7,roll,3.611933
Ad(PD),0.25091255,6,8,roll,2.9378662
Ad(PD),0.13075085,6,9,roll,3.4723525
Ad(PD),0.17706221,6,10,roll,2.3025887
Ad(PD),0.13092287,6,11,roll,3.0929372
Ad(PD),0.23206216,6,12,roll,3.2072637
Ad(PD),0.15531017,6,13,roll,3.2479038
Ad(PD),0.20641494,6,14,roll,3.1197793
Ad(PD),0.19284971,6,15,roll,3.083418
Ad(PD),0.16920608,6,16,roll,2.9293737
Ad(PD),0.072886884,6,17,roll,3.3023295
Ad(PD),0.20306185,6,18,roll,2.8924165
Ad(PD),0.20306575,6,19,roll,2.580911
Ad(PD),0.19051977,6,20,roll,3.125377
Ad(Ac),0.05520381,6,1,roll,0.42109096
Ad(Ac),0.061866973,6,2,roll,0.7331713
Ad(Ac),0.0891477,6,3,roll,0.35145998
Ad(Ac),0.008148263,6,4,roll,0.32773626
Ad(Ac),0.08535887,6,5,roll,0.56120104
Ad(Ac),0.06460506,6,6,roll,0.5135656
Ad(Ac),0.097421624,6,7,roll,0.77699465
Ad(Ac),0.06211216,6,8,roll,0.4036159
Ad(Ac),0.038710102,6,9,roll,0.43299934
Ad(Ac),0.0597739,6,10,roll,0.6468187
Ad(Ac),0.022319278,6,11,roll,0.32409194
Ad(Ac),0.058319803,6,12,roll,0.512989
Ad(Ac),0.013608734,6,13,roll,0.35706288
Ad(Ac),0.020488529,6,14,roll,0.33155
Ad(Ac),0.025023885,6,15,roll,0.58388966
Ad(Ac),0.0139305,6,16,roll,0.34600687
Ad(Ac),0.0082007265,6,17,roll,0.29709655
Ad(Ac),0.057660107,6,18,roll,0.7309365
Ad(Ac),0.037475273,6,19,roll,0.5932447
Ad(Ac),0.052057672,6,20,roll,0.49317783
Bi,0.072220825,6,1,roll,0.30330145
Bi,0.11250111,6,2,roll,0.5026772
Bi,0.07529917,6,3,roll,0.44953534
Bi,0.03182287,6,4,roll,0.3088818
Bi,0.05242845,6,5,roll,0.38155362
Bi,0.10639434,6,6,roll,0.36594865
Bi,0.048797347,6,7,roll,0.34903362
Bi,0.06260638,6,8,roll,0.32985565
Bi,0.014841605,6,9,roll,0.23351976
Bi,0.04220811,6,10,roll,0.31593376
Bi,0.0074995444,6,11,roll,0.19576274
Bi,0.049443685,6,12,roll,0.3179893
Bi,0.0064712097,6,13,roll,0.21025743
Bi,0.019586222,6,14,roll,0.22091159
Bi,0.06182496,6,15,roll,0.37396666
Bi,0.003978739,6,16,roll,0.16508543
Bi,0.004515666,6,17,roll,0.15733317
Bi,0.06343531,6,18,roll,0.33539346
Bi,0.026889483,6,19,roll,0.3594388
Bi,0.053804617,6,20,roll,0.3326473
